{"id":"e9838e2e-1abf-11ea-8da5-0242ac120004","name":"Calculator Review","key":"calculator","description":"","editorJson":{"name":"Calculator Review","key":"calculator","version":0,"fields":[{"fieldType":"FormField","id":"file","name":"Step 1: upload Offset calculator (currently accepts HIR v4+)","type":"upload","value":null,"required":true,"readOnly":false,"overrideId":true,"placeholder":null,"layout":null},{"fieldType":"FormField","id":"project_name","name":"Project name","type":"text","value":null,"required":false,"readOnly":true,"overrideId":true,"placeholder":null,"layout":null},{"fieldType":"FormField","id":"start_of_crediting_period","name":"Crediting period","type":"text","value":null,"required":false,"readOnly":true,"overrideId":true,"placeholder":null,"layout":null},{"fieldType":"FormField","id":"abatement","name":"Net abatement","type":"integer","value":null,"required":false,"readOnly":true,"overrideId":true,"placeholder":null,"layout":null},{"fieldType":"FormField","id":"response","name":"Creditcounter response","type":"multi-line-text","value":null,"required":false,"readOnly":true,"overrideId":true,"placeholder":null,"layout":null}],"outcomes":[]}}