{"id":"78b561ac-1abf-11ea-8da5-0242ac120004","name":"Add calculators","key":"add_calculators","description":"Upload offsets calculators for extraction and review.","editorJson":{"models":[{"id":"03bc773b-1abf-11ea-8da5-0242ac120004","name":"Add calculators","version":1,"modelType":0,"description":"Interaction cycle between Flowable and creditcounter.","stencilSetId":null,"createdBy":"admin","lastUpdatedBy":"admin","lastUpdated":"2019-12-09T20:06:36.888+0000"}],"theme":"theme-1","icon":"glyphicon-asterisk"}}